{"cameraMode":{"drawMode":0,"name":"Shaded","section":"Shading Mode"},"sceneLighting":false,"audioPlay":false,"sceneViewState":{"showFog":true,"showMaterialUpdate":false,"showSkybox":true,"showFlares":true,"showImageEffects":true,"showParticleSystems":true},"in2DMode":false,"pivot":{"x":2355.01171875,"y":55.222923278808597,"z":41.67499923706055},"rotation":{"x":-0.13103199005126954,"y":0.001485541113652289,"z":-0.00020184721506666392,"w":-0.991377055644989},"size":2048.429443359375,"orthographic":true}