{"cameraMode":{"drawMode":0,"name":"Shaded","section":"Shading Mode"},"sceneLighting":false,"audioPlay":false,"sceneViewState":{"showFog":true,"showMaterialUpdate":false,"showSkybox":true,"showFlares":true,"showImageEffects":true,"showParticleSystems":true},"in2DMode":false,"pivot":{"x":2703.349609375,"y":121.96784973144531,"z":13.69692611694336},"rotation":{"x":-0.07642148435115814,"y":0.018841566517949106,"z":-0.0014508528402075172,"w":-0.9968965649604797},"size":1063.0626220703125,"orthographic":false}